title,location,post_on,deadline,company
Project Manager,"Jakarta, Indonesia",Posted 9 days ago • Apply before 29 Jun,Posted 9 days ago • Apply before 29 Jun,PGI Data
IT System Analyst,"Jakarta, Indonesia",Posted 16 days ago • Apply before 19 Apr,Posted 16 days ago • Apply before 19 Apr,PGI Data
Data Analytics Manager,"Kota Jakarta Barat, Indonesia",Posted 6 days ago • Apply before 29 Apr,Posted 6 days ago • Apply before 29 Apr,PT Adicipta Inovasi Teknologi
DevOps and Data Engineer,"Tangerang Selatan, Indonesia",Posted 8 days ago • Apply before 13 May,Posted 8 days ago • Apply before 13 May,Mobius Digital
Network  Security Engineer,"Jakarta, Indonesia",Posted 7 days ago • Apply before 19 Apr,Posted 7 days ago • Apply before 19 Apr,PGI Data
Data Quality Analyst,"Central Jakarta City, Indonesia",Posted 9 days ago • Apply before 1 May,Posted 9 days ago • Apply before 1 May,Astra Financial
Data Scientist,"Tangerang Selatan, Indonesia",Posted a month ago • Apply before 15 May,Posted a month ago • Apply before 15 May,Mobius Digital
Data Entry,"South Jakarta, Indonesia",Posted 12 days ago • Apply before 29 Apr,Posted 12 days ago • Apply before 29 Apr,PT. Royal Trust
IOS & Android Developer,"Jakarta Barat, Indonesia",Posted 29 minutes ago • Apply before 10 Jun,Posted 29 minutes ago • Apply before 10 Jun,PT Adi Data Informatika
Moderation Trainers,"Denpasar, Indonesia",Posted 7 days ago • Apply before 19 Apr,Posted 7 days ago • Apply before 19 Apr,Gear Inc
Android Developer,"Jakarta Selatan, Indonesia",Posted a day ago • Apply before 30 May,Posted a day ago • Apply before 30 May,PhinCon
Quality Assurance,"Denpasar, Indonesia",Posted 6 days ago • Apply before 18 Apr,Posted 6 days ago • Apply before 18 Apr,Gear Inc
Program Staf Pendukung Operasi (PSPO),"Central Jakarta, Indonesia",Posted 8 days ago • Apply before 11 Dec,Posted 8 days ago • Apply before 11 Dec,PT Bank Central Asia Tbk
"Merchandiser FRESH (Chicken, Meat, and Fish Category) for PRIMARO","Jakarta Barat, Indonesia",Posted a day ago • Apply before 29 Apr,Posted a day ago • Apply before 29 Apr,PRIMARO
Senior Data Analyst,"North Jakarta, Indonesia",Posted a month ago • Apply before 30 May,Posted a month ago • Apply before 30 May,paper.id
Accounting Officer,"Jakarta Selatan, Indonesia",Posted a month ago • Apply before 30 Apr,Posted a month ago • Apply before 30 Apr,PT Majoo Teknologi Indonesia
Data Scientist,"Tangerang Selatan, Indonesia",Posted a month ago • Apply before 15 May,Posted a month ago • Apply before 15 May,Mobius Digital
Custodian Leader,"Tangerang, Indonesia",Posted a month ago • Apply before 30 Apr,Posted a month ago • Apply before 30 Apr,PT BFI Finance Indonesia Tbk
Data Engineer,"South Tangerang, Indonesia",Posted 19 days ago • Apply before 27 May,Posted 19 days ago • Apply before 27 May,PT Global Urban Esensial
Business Development,"Jakarta Selatan, Indonesia",Posted 12 days ago • Apply before 19 May,Posted 12 days ago • Apply before 19 May,TOMP'S
Engineering Manager,"Tangerang, Indonesia",Posted 15 days ago • Apply before 26 Apr,Posted 15 days ago • Apply before 26 Apr,PT Alam Sutera Realty Tbk
API Specialist,"Central Jakarta City, Indonesia",Posted a month ago • Apply before 8 May,Posted a month ago • Apply before 8 May,Astra Financial
Data Engineer,"Jakarta Pusat, Indonesia",Posted 3 months ago • Apply before 14 Jan,Posted 3 months ago • Apply before 14 Jan,Nomura Research Institute Indonesia
Business Intelligence - KG Media,"West Jakarta, Indonesia",Posted 4 hours ago • Apply before 11 Jun,Posted 4 hours ago • Apply before 11 Jun,Kompas Gramedia
Senior Data Analyst,"North Jakarta, Indonesia",Posted a month ago • Apply before 30 May,Posted a month ago • Apply before 30 May,paper.id
MIS Analytics Retail Banking,"South Jakarta, Indonesia",Posted an hour ago • Apply before 30 Aug,Posted an hour ago • Apply before 30 Aug,PT Bank BTPN Tbk
Business Consultant,"Jakarta Utara, Indonesia",Posted 3 hours ago • Apply before 10 Jul,Posted 3 hours ago • Apply before 10 Jul,Cyber Future Forex
SAP S4 HANA – Tech Lead / Analyst,"Jakarta Pusat, Indonesia",Posted 6 days ago • Apply before 3 Jun,Posted 6 days ago • Apply before 3 Jun,Abhidi Solution
Admin Finance,"Kota Jakarta Selatan, Indonesia",Posted 2 days ago • Apply before 8 Jun,Posted 2 days ago • Apply before 8 Jun,Kelas Pintar
Asset Officer (Contract-Based),"East Jakarta, Indonesia",Posted 12 days ago • Apply before 30 May,Posted 12 days ago • Apply before 30 May,PT Berlian Sistem Informasi
Data Engineer,"South Tangerang, Indonesia",Posted 19 days ago • Apply before 27 May,Posted 19 days ago • Apply before 27 May,PT Global Urban Esensial
Data Analyst,"Central Jakarta, Indonesia",Posted 2 months ago • Apply before 12 Dec,Posted 2 months ago • Apply before 12 Dec,PT Bank Central Asia Tbk
IOS & Android Developer,"Jakarta Barat, Indonesia",Posted 29 minutes ago • Apply before 10 Jun,Posted 29 minutes ago • Apply before 10 Jun,PT Adi Data Informatika
Risk Manager | PinjamModal,"Tangerang, Indonesia",Posted 19 days ago • Apply before 21 May,Posted 19 days ago • Apply before 21 May,PT BFI Finance Indonesia Tbk
Moderation Trainers,"Denpasar, Indonesia",Posted 7 days ago • Apply before 19 Apr,Posted 7 days ago • Apply before 19 Apr,Gear Inc
Android Developer,"Jakarta Selatan, Indonesia",Posted a day ago • Apply before 30 May,Posted a day ago • Apply before 30 May,PhinCon
Quality Assurance,"Denpasar, Indonesia",Posted 6 days ago • Apply before 18 Apr,Posted 6 days ago • Apply before 18 Apr,Gear Inc
Product Manager,"South Jakarta, Indonesia",Posted 2 months ago • Apply before 18 Aug,Posted 2 months ago • Apply before 18 Aug,FinAccel
B2B Sales Manager,"Kota Jakarta Barat, Indonesia",Posted 6 days ago • Apply before 3 Oct,Posted 6 days ago • Apply before 3 Oct,Dekoruma
Program Staf Pendukung Operasi (PSPO),"Central Jakarta, Indonesia",Posted 8 days ago • Apply before 11 Dec,Posted 8 days ago • Apply before 11 Dec,PT Bank Central Asia Tbk
Product Manager,"South Jakarta, Indonesia",Posted 23 days ago • Apply before 18 May,Posted 23 days ago • Apply before 18 May,Trimegah Sekuritas Indonesia
Content & Campaign Marketing,"Central Jakarta City, Indonesia",Posted 2 days ago • Apply before 6 May,Posted 2 days ago • Apply before 6 May,Astra Financial
"Merchandiser FRESH (Chicken, Meat, and Fish Category) for PRIMARO","Jakarta Barat, Indonesia",Posted a day ago • Apply before 29 Apr,Posted a day ago • Apply before 29 Apr,PRIMARO
Python Software Engineer,"Surabaya, Indonesia",Posted 15 days ago • Apply before 29 Apr,Posted 15 days ago • Apply before 29 Apr,SMS Perkasa (PT Sumber Makmur Surya Perkasa)
Learning Operations Manager,"South Jakarta, Indonesia",Posted 8 days ago • Apply before 12 May,Posted 8 days ago • Apply before 12 May,Rakamin Academy
Data Scientist,"South Jakarta, Indonesia",Posted a month ago • Apply before 7 May,Posted a month ago • Apply before 7 May,Home Credit Indonesia
Central Leader,"Tangerang, Indonesia",Posted 9 days ago • Apply before 29 May,Posted 9 days ago • Apply before 29 May,PT BFI Finance Indonesia Tbk
Risk Management Staff,"South Jakarta, Indonesia",Posted 22 days ago • Apply before 30 Apr,Posted 22 days ago • Apply before 30 Apr,Asuransi Astra
Branch Operation Management,"Tangerang, Indonesia",Posted a month ago • Apply before 7 May,Posted a month ago • Apply before 7 May,PT BFI Finance Indonesia Tbk
IT Asset Management Staff,"Central Jakarta, Indonesia",Posted a month ago • Apply before 30 Dec,Posted a month ago • Apply before 30 Dec,PT Bank Central Asia Tbk
Growth Campaign,"South Jakarta, Indonesia",Posted 16 days ago • Apply before 25 May,Posted 16 days ago • Apply before 25 May,Astra Financial
Operational QA Data Analyst,"Tangerang, Indonesia",Posted 13 days ago • Apply before 28 May,Posted 13 days ago • Apply before 28 May,PT BFI Finance Indonesia Tbk
IT Product Management,"Jakarta Timur, Indonesia",Posted 2 months ago • Apply before 19 Sep,Posted 2 months ago • Apply before 19 Sep,PT Berlian Sistem Informasi
System Analyst,"Surabaya, Indonesia",Posted a month ago • Apply before 11 May,Posted a month ago • Apply before 11 May,SEVIMA
Business Growth Associate,"East Jakarta, Indonesia",Posted 6 days ago • Apply before 6 May,Posted 6 days ago • Apply before 6 May,PT Mobilitas Digital Indonesia
IT Application Consultant,"South Jakarta, Indonesia",Posted 15 days ago • Apply before 27 Apr,Posted 15 days ago • Apply before 27 Apr,CARE Technologies
Account Executive,"West Jakarta, Indonesia",Posted 22 days ago • Apply before 20 May,Posted 22 days ago • Apply before 20 May,MileApp
iOS Developer,"Jakarta Selatan, Indonesia",Posted a month ago • Apply before 29 Apr,Posted a month ago • Apply before 29 Apr,Perqara
Accounting Officer,"Jakarta Selatan, Indonesia",Posted a month ago • Apply before 30 Apr,Posted a month ago • Apply before 30 Apr,PT Majoo Teknologi Indonesia
IT Business Information,"South Jakarta, Indonesia",Posted 13 days ago • Apply before 22 May,Posted 13 days ago • Apply before 22 May,Asuransi Astra
Design Internship,"Tangerang Kota, Indonesia",Posted 6 days ago • Apply before 4 Jun,Posted 6 days ago • Apply before 4 Jun,Little Palmerhaus (PT Indo Trade Cemerlang)
Finance Manager,"Jakarta Pusat, Indonesia",Posted 9 days ago • Apply before 30 Apr,Posted 9 days ago • Apply before 30 Apr,PT Fajar Gelora Inti
Credit Analyst (Retail Underwriter Officer),"Yogyakarta, Indonesia",Posted 19 days ago • Apply before 30 Dec,Posted 19 days ago • Apply before 30 Dec,Astra Credit Companies (ACC)
IT Project Management Officer (Jakarta),"Central Jakarta, Indonesia",Posted 12 days ago • Apply before 30 Dec,Posted 12 days ago • Apply before 30 Dec,PT Akhdani Reka Solusi
Senior System Engineer,"Kota Jakarta Selatan, Indonesia",Posted a month ago • Apply before 12 May,Posted a month ago • Apply before 12 May,Packet Systems Indonesia
System Analyst,"Surabaya, Indonesia",Posted a month ago • Apply before 11 May,Posted a month ago • Apply before 11 May,SEVIMA
IT: Android Developer,"South Tangerang, Indonesia",Posted 19 days ago • Apply before 30 May,Posted 19 days ago • Apply before 30 May,PCS Group
Operational QA Data Analyst,"Tangerang, Indonesia",Posted 13 days ago • Apply before 28 May,Posted 13 days ago • Apply before 28 May,PT BFI Finance Indonesia Tbk
Business Growth Associate,"East Jakarta, Indonesia",Posted 6 days ago • Apply before 6 May,Posted 6 days ago • Apply before 6 May,PT Mobilitas Digital Indonesia
Account Executive,"West Jakarta, Indonesia",Posted 22 days ago • Apply before 20 May,Posted 22 days ago • Apply before 20 May,MileApp
Business Operation Associate,"North Jakarta, Indonesia",Posted 9 days ago • Apply before 1 Jun,Posted 9 days ago • Apply before 1 Jun,paper.id
IT Business Information,"South Jakarta, Indonesia",Posted 13 days ago • Apply before 22 May,Posted 13 days ago • Apply before 22 May,Asuransi Astra
Employee Experience Supervisor,"Jakarta Pusat, Indonesia",Posted a day ago • Apply before 9 Jun,Posted a day ago • Apply before 9 Jun,PT Dipo Star Finance
.Net Developer,"Kota Jakarta Pusat, Indonesia",Posted 2 days ago • Apply before 30 Jul,Posted 2 days ago • Apply before 30 Jul,PT Astra Graphia Information Technology
Product Owner,"South Tangerang, Indonesia",Posted 19 days ago • Apply before 16 May,Posted 19 days ago • Apply before 16 May,PT Global Urban Esensial
Flutter Mobile | Web Developer,"Central Jakarta, Indonesia",Posted a month ago • Apply before 30 Jun,Posted a month ago • Apply before 30 Jun,Gluon Consulting Pte. Ltd.
Senior Merchandiser,"Jakarta Barat, Indonesia",Posted a month ago • Apply before 29 Apr,Posted a month ago • Apply before 29 Apr,Howel and Co
"Bancassurance Officer (Area: Balikpapan, Banjarmasin, Batam, Pekanbaru, Tebing Tinggi, Rantau Prapat)","Banjarmasin, Indonesia",Posted a month ago • Apply before 22 May,Posted a month ago • Apply before 22 May,PT Panin Dai-Ichi Life (Bancassurance)
Account Executive,"West Jakarta, Indonesia",Posted 22 days ago • Apply before 20 May,Posted 22 days ago • Apply before 20 May,MileApp
Head of Linux System Administrator,"Sleman, Indonesia",Posted a month ago • Apply before 30 Oct,Posted a month ago • Apply before 30 Oct,Niagahoster
Sales Manager,"Bandung Kota, Indonesia",Posted 16 days ago • Apply before 23 Jul,Posted 16 days ago • Apply before 23 Jul,GITS Indonesia
Business Operation Associate,"North Jakarta, Indonesia",Posted 9 days ago • Apply before 1 Jun,Posted 9 days ago • Apply before 1 Jun,paper.id
.Net Developer,"Kota Jakarta Pusat, Indonesia",Posted 2 days ago • Apply before 30 Jul,Posted 2 days ago • Apply before 30 Jul,PT Astra Graphia Information Technology
Product Owner,"South Tangerang, Indonesia",Posted 19 days ago • Apply before 16 May,Posted 19 days ago • Apply before 16 May,PT Global Urban Esensial
Software Developer,"Central Jakarta, Indonesia",Posted 12 days ago • Apply before 30 May,Posted 12 days ago • Apply before 30 May,Wistkey Technologies Limited / MamaHelpers
Sr. iOS Engineer,"South Jakarta, Indonesia",Posted 3 months ago • Apply before 29 May,Posted 3 months ago • Apply before 29 May,FinAccel
Field Audit - Kupang,"Kupang, Indonesia",Posted 16 days ago • Apply before 29 Apr,Posted 16 days ago • Apply before 29 Apr,PT BFI Finance Indonesia Tbk
Risk Management Staff,"South Jakarta, Indonesia",Posted 22 days ago • Apply before 30 Apr,Posted 22 days ago • Apply before 30 Apr,Asuransi Astra
Branch Operation Management,"Tangerang, Indonesia",Posted a month ago • Apply before 7 May,Posted a month ago • Apply before 7 May,PT BFI Finance Indonesia Tbk
Accounting and Finance Officer,"East Jakarta, Indonesia",Posted a month ago • Apply before 29 Apr,Posted a month ago • Apply before 29 Apr,PT Berlian Sistem Informasi
iOS Developer,"Jakarta, Indonesia",Posted a day ago • Apply before 29 May,Posted a day ago • Apply before 29 May,PT Midas Daya Teknologi
Sales Supervisor - SP Sukabumi,"Sukabumi City, Indonesia",Posted 2 months ago • Apply before 24 Apr,Posted 2 months ago • Apply before 24 Apr,Sharon Bakery (PT Multi Star Rukun Abadi)
Senior Software Engineer - Backend (Java) (Remote),"Depok City, Indonesia",Posted a month ago • Apply before 29 Apr,Posted a month ago • Apply before 29 Apr,Flip.id
Product Marketing Internship,"Kota Jakarta Selatan, Indonesia",Posted 2 days ago • Apply before 8 Jun,Posted 2 days ago • Apply before 8 Jun,OY! Indonesia
"Bancassurance Officer (Area: Balikpapan, Banjarmasin, Batam, Pekanbaru, Tebing Tinggi, Rantau Prapat)","Banjarmasin, Indonesia",Posted a month ago • Apply before 22 May,Posted a month ago • Apply before 22 May,PT Panin Dai-Ichi Life (Bancassurance)
Marketing Manager,"North Jakarta, Indonesia",Posted 2 days ago • Apply before 6 Jun,Posted 2 days ago • Apply before 6 Jun,PT Ocean Centra Furnindo
Head of Linux System Administrator,"Sleman, Indonesia",Posted a month ago • Apply before 30 Oct,Posted a month ago • Apply before 30 Oct,Niagahoster
Sales Supervisor - SP Jember,"Jember, Indonesia",Posted 2 months ago • Apply before 24 Apr,Posted 2 months ago • Apply before 24 Apr,Sharon Bakery (PT Multi Star Rukun Abadi)
Business Intelligence - KG Media,"West Jakarta, Indonesia",Posted 4 hours ago • Apply before 11 Jun,Posted 4 hours ago • Apply before 11 Jun,Kompas Gramedia
MIS Analytics Retail Banking,"South Jakarta, Indonesia",Posted an hour ago • Apply before 30 Aug,Posted an hour ago • Apply before 30 Aug,PT Bank BTPN Tbk
Business Consultant,"Jakarta Utara, Indonesia",Posted 3 hours ago • Apply before 10 Jul,Posted 3 hours ago • Apply before 10 Jul,Cyber Future Forex
SAP S4 HANA – Tech Lead / Analyst,"Jakarta Pusat, Indonesia",Posted 6 days ago • Apply before 3 Jun,Posted 6 days ago • Apply before 3 Jun,Abhidi Solution
Sales Manager,"Bandung Kota, Indonesia",Posted 16 days ago • Apply before 23 Jul,Posted 16 days ago • Apply before 23 Jul,GITS Indonesia
Admin Finance,"Kota Jakarta Selatan, Indonesia",Posted 2 days ago • Apply before 8 Jun,Posted 2 days ago • Apply before 8 Jun,Kelas Pintar
Budget Officer,"Jakarta Pusat, Indonesia",Posted 9 days ago • Apply before 14 Apr,Posted 9 days ago • Apply before 14 Apr,PaninBank
Chief Financial Officer,"Jakarta Selatan, Indonesia",Posted 2 months ago • Apply before 8 May,Posted 2 months ago • Apply before 8 May,PT Sinar Mas Digital Ventures
Senior Software Engineer - Backend (Java) (Remote),"Depok City, Indonesia",Posted a month ago • Apply before 29 Apr,Posted a month ago • Apply before 29 Apr,Flip.id
Data Analyst,"Jakarta Selatan, Indonesia",Posted a day ago • Apply before 11 May,Posted a day ago • Apply before 11 May,Great Giant Foods
Backend Developer,"Tangerang Selatan, Indonesia",Posted 2 months ago • Apply before 29 Apr,Posted 2 months ago • Apply before 29 Apr,PCS Group
Product Marketing Internship,"Kota Jakarta Selatan, Indonesia",Posted 2 days ago • Apply before 8 Jun,Posted 2 days ago • Apply before 8 Jun,OY! Indonesia
Marketing Manager,"North Jakarta, Indonesia",Posted 2 days ago • Apply before 6 Jun,Posted 2 days ago • Apply before 6 Jun,PT Ocean Centra Furnindo
Sales Supervisor - SP Sukabumi,"Sukabumi City, Indonesia",Posted 2 months ago • Apply before 24 Apr,Posted 2 months ago • Apply before 24 Apr,Sharon Bakery (PT Multi Star Rukun Abadi)
Sales Supervisor - SP Jember,"Jember, Indonesia",Posted 2 months ago • Apply before 24 Apr,Posted 2 months ago • Apply before 24 Apr,Sharon Bakery (PT Multi Star Rukun Abadi)
QA Engineer (Mobile),"South Jakarta, Indonesia",Posted a month ago • Apply before 27 Dec,Posted a month ago • Apply before 27 Dec,FinAccel
Telesales Respresentative,"Jakarta, Indonesia",Posted 4 hours ago • Apply before 10 Jun,Posted 4 hours ago • Apply before 10 Jun,Cyber Future Forex
Professional Development Program - Technology,"South Jakarta, Indonesia",Posted a day ago • Apply before 9 Jul,Posted a day ago • Apply before 9 Jul,PT BCA Finance
System Analyst,"North Jakarta, Indonesia",Posted 2 days ago • Apply before 8 Jun,Posted 2 days ago • Apply before 8 Jun,paper.id
Java Developer,"Jakarta Selatan, Indonesia",Posted 15 days ago • Apply before 26 May,Posted 15 days ago • Apply before 26 May,28Grup
Head Sales & Marketing,"North Jakarta, Indonesia",Posted 2 days ago • Apply before 4 Jun,Posted 2 days ago • Apply before 4 Jun,PT Ocean Centra Furnindo
IT Programmer - Universitas Multimedia Nusantara,"Tangerang, Indonesia",Posted 12 days ago • Apply before 30 Jun,Posted 12 days ago • Apply before 30 Jun,Kompas Gramedia
Credit & Industry Specialist,"Central Jakarta City, Indonesia",Posted a day ago • Apply before 22 May,Posted a day ago • Apply before 22 May,Astra Financial
Collection - Penempatan Banyuwangi,"Banyuwangi, Indonesia",Posted 6 days ago • Apply before 4 May,Posted 6 days ago • Apply before 4 May,PT BFI Finance Indonesia Tbk
Anti Fraud Officer,"South Jakarta, Indonesia",Posted a day ago • Apply before 9 Jun,Posted a day ago • Apply before 9 Jun,FIFGROUP
Senior Partnership,"Kota Jakarta Selatan, Indonesia",Posted 2 days ago • Apply before 8 Jun,Posted 2 days ago • Apply before 8 Jun,OY! Indonesia
SAP MM/WM Consultant,"Jakarta Pusat, Indonesia",Posted 2 days ago • Apply before 8 Jun,Posted 2 days ago • Apply before 8 Jun,Abhidi Solution
Machine Learning Engineer,"Jakarta Pusat, Indonesia",Posted 3 months ago • Apply before 14 Jan,Posted 3 months ago • Apply before 14 Jan,Nomura Research Institute Indonesia
Data Analytics Intern,"Jakarta Selatan, Indonesia",Posted 2 days ago • Apply before 29 Apr,Posted 2 days ago • Apply before 29 Apr,Ivosights
Digital Marketing Specialist,"Jakarta Selatan, Indonesia",Posted 7 days ago • Apply before 30 May,Posted 7 days ago • Apply before 30 May,TOMP'S
Associate Product Manager (Jakarta and Malang),"North Jakarta, Indonesia",Posted 6 days ago • Apply before 29 Apr,Posted 6 days ago • Apply before 29 Apr,paper.id
Backend Developer,"West Jakarta, Indonesia",Posted 19 days ago • Apply before 21 May,Posted 19 days ago • Apply before 21 May,Kompas Gramedia
Mandarin Translator,"Jakarta Selatan, Indonesia",Posted a month ago • Apply before 8 May,Posted a month ago • Apply before 8 May,Hastari Corporation
Leadership Acceleration Program (LEAP),"Jakarta, Indonesia",Posted a day ago • Apply before 10 May,Posted a day ago • Apply before 10 May,Great Giant Foods
Mid-Senior English Content Writer (Digital Content Writer),"Sleman, Indonesia",Posted 3 months ago • Apply before 29 Apr,Posted 3 months ago • Apply before 29 Apr,Niagahoster
iOS Developer,"Jakarta, Indonesia",Posted a day ago • Apply before 29 May,Posted a day ago • Apply before 29 May,PT Midas Daya Teknologi
Renewal (Retention/Account Management),"Jakarta, Indonesia",Posted 15 days ago • Apply before 26 May,Posted 15 days ago • Apply before 26 May,Lamudi.co.id
Professional Development Program - Technology,"South Jakarta, Indonesia",Posted a day ago • Apply before 9 Jul,Posted a day ago • Apply before 9 Jul,PT BCA Finance
System Analyst,"North Jakarta, Indonesia",Posted 2 days ago • Apply before 8 Jun,Posted 2 days ago • Apply before 8 Jun,paper.id
Branch Administration Officer,"Jakarta Timur, Indonesia",Posted 3 months ago • Apply before 30 Dec,Posted 3 months ago • Apply before 30 Dec,Marga Nusantara Jaya
IT Developer,"Jakarta Barat, Indonesia",Posted 3 months ago • Apply before 12 Dec,Posted 3 months ago • Apply before 12 Dec,PT Adi Data Informatika
Java Developer,"Jakarta Selatan, Indonesia",Posted 15 days ago • Apply before 26 May,Posted 15 days ago • Apply before 26 May,28Grup
Network Engineer (Bahasa Mandarin),"Central Jakarta, Indonesia",Posted a month ago • Apply before 24 Dec,Posted a month ago • Apply before 24 Dec,PT Bank Central Asia Tbk
Backend Engineer,"Jakarta Pusat, Indonesia",Posted 3 months ago • Apply before 30 Dec,Posted 3 months ago • Apply before 30 Dec,FinAccel
IT Programmer - Universitas Multimedia Nusantara,"Tangerang, Indonesia",Posted 12 days ago • Apply before 30 Jun,Posted 12 days ago • Apply before 30 Jun,Kompas Gramedia
Customer Relations Coordinator,"Surabaya, Indonesia",Posted 7 days ago • Apply before 29 May,Posted 7 days ago • Apply before 29 May,Plaza Auto Group
Back End Developer,"Central Jakarta, Indonesia",Posted 23 days ago • Apply before 30 May,Posted 23 days ago • Apply before 30 May,PT. Jasa Teknologi Informasi IBM
Design Internship,"Tangerang Kota, Indonesia",Posted 6 days ago • Apply before 4 Jun,Posted 6 days ago • Apply before 4 Jun,Little Palmerhaus (PT Indo Trade Cemerlang)
Fullstack Engineer,"Central Jakarta, Indonesia",Posted 3 months ago • Apply before 30 Dec,Posted 3 months ago • Apply before 30 Dec,FinAccel
Product Owner,"Jakarta Selatan, Indonesia",Posted 15 days ago • Apply before 26 May,Posted 15 days ago • Apply before 26 May,"DOKU, PT NUSA SATU INTI ARTHA"
IBM Cognos TM1,"Kota Jakarta Pusat, Indonesia",Posted 2 months ago • Apply before 23 Apr,Posted 2 months ago • Apply before 23 Apr,PT Astra Graphia Information Technology
iOS Jr. Developer,"South Jakarta City, Indonesia",Posted 16 days ago • Apply before 25 May,Posted 16 days ago • Apply before 25 May,PT Phintraco Technology
Custodian Admin,"Tangerang, Indonesia",Posted 13 days ago • Apply before 27 May,Posted 13 days ago • Apply before 27 May,PT BFI Finance Indonesia Tbk
Talent Acquisition Manager,"North Jakarta, Indonesia",Posted 6 days ago • Apply before 13 May,Posted 6 days ago • Apply before 13 May,paper.id
Customer Relations Coordinator,"Surabaya, Indonesia",Posted 7 days ago • Apply before 29 May,Posted 7 days ago • Apply before 29 May,Plaza Auto Group
Telesales Respresentative,"Jakarta, Indonesia",Posted 4 hours ago • Apply before 10 Jun,Posted 4 hours ago • Apply before 10 Jun,Cyber Future Forex
Branch Administration Officer,"Jakarta Timur, Indonesia",Posted 3 months ago • Apply before 30 Dec,Posted 3 months ago • Apply before 30 Dec,Marga Nusantara Jaya
Professional Development Program - Technology,"South Jakarta, Indonesia",Posted a day ago • Apply before 9 Jul,Posted a day ago • Apply before 9 Jul,PT BCA Finance
System Analyst,"North Jakarta, Indonesia",Posted 2 days ago • Apply before 8 Jun,Posted 2 days ago • Apply before 8 Jun,paper.id
Database Integration Intern,"Jakarta, Indonesia",Posted a day ago • Apply before 11 May,Posted a day ago • Apply before 11 May,Great Giant Foods
Java Developer,"Jakarta Selatan, Indonesia",Posted 15 days ago • Apply before 26 May,Posted 15 days ago • Apply before 26 May,28Grup
IT Programmer - Universitas Multimedia Nusantara,"Tangerang, Indonesia",Posted 12 days ago • Apply before 30 Jun,Posted 12 days ago • Apply before 30 Jun,Kompas Gramedia
IBM Cognos TM1,"Kota Jakarta Pusat, Indonesia",Posted 2 months ago • Apply before 23 Apr,Posted 2 months ago • Apply before 23 Apr,PT Astra Graphia Information Technology
Back End Developer,"Central Jakarta, Indonesia",Posted 23 days ago • Apply before 30 May,Posted 23 days ago • Apply before 30 May,PT. Jasa Teknologi Informasi IBM
Fullstack Engineer,"Central Jakarta, Indonesia",Posted 3 months ago • Apply before 30 Dec,Posted 3 months ago • Apply before 30 Dec,FinAccel
Tech Lead (Jakarta and Malang),"North Jakarta, Indonesia",Posted 15 days ago • Apply before 29 Apr,Posted 15 days ago • Apply before 29 Apr,paper.id
Head of Corporate Sales,"Kota Jakarta Selatan, Indonesia",Posted 2 months ago • Apply before 18 Apr,Posted 2 months ago • Apply before 18 Apr,Alodokter
Branch Administration Officer,"Jakarta Timur, Indonesia",Posted 3 months ago • Apply before 30 Dec,Posted 3 months ago • Apply before 30 Dec,Marga Nusantara Jaya
Database Integration Intern,"Jakarta, Indonesia",Posted a day ago • Apply before 11 May,Posted a day ago • Apply before 11 May,Great Giant Foods
IBM Cognos TM1,"Kota Jakarta Pusat, Indonesia",Posted 2 months ago • Apply before 23 Apr,Posted 2 months ago • Apply before 23 Apr,PT Astra Graphia Information Technology
Fullstack Engineer,"Central Jakarta, Indonesia",Posted 3 months ago • Apply before 30 Dec,Posted 3 months ago • Apply before 30 Dec,FinAccel
Tech Lead (Jakarta and Malang),"North Jakarta, Indonesia",Posted 15 days ago • Apply before 29 Apr,Posted 15 days ago • Apply before 29 Apr,paper.id
Head of Corporate Sales,"Kota Jakarta Selatan, Indonesia",Posted 2 months ago • Apply before 18 Apr,Posted 2 months ago • Apply before 18 Apr,Alodokter
Dealer Financing Car Supervisor (Surabaya-Sidoarjo),"Surabaya, Indonesia",Posted 2 months ago • Apply before 20 Apr,Posted 2 months ago • Apply before 20 Apr,PT BFI Finance Indonesia Tbk
Area Manager - District Manager (F&B),"Surabaya, Indonesia",Posted a day ago • Apply before 10 May,Posted a day ago • Apply before 10 May,Great Giant Foods
BFI Finance X Arkavidia - Technical Lead,"South Tangerang, Indonesia",Posted 2 months ago • Apply before 30 May,Posted 2 months ago • Apply before 30 May,PT BFI Finance Indonesia Tbk
Data Engineer | PinjamModal,"Tangerang, Indonesia",Posted a month ago • Apply before 29 Apr,Posted a month ago • Apply before 29 Apr,PT BFI Finance Indonesia Tbk
Senior UX Researcher,"South Jakarta, Indonesia",Posted a month ago • Apply before 28 Apr,Posted a month ago • Apply before 28 Apr,FinAccel
Partnership & Program Development Specialist,"Tangerang, Indonesia",Posted a month ago • Apply before 1 May,Posted a month ago • Apply before 1 May,PT BFI Finance Indonesia Tbk
Full Stack Engineer,"Jakarta, Indonesia",Posted 6 days ago • Apply before 1 May,Posted 6 days ago • Apply before 1 May,PT Transnovasi Bangun Persada
Finance Accounting Bali,"Jembrana, Indonesia",Posted a day ago • Apply before 11 May,Posted a day ago • Apply before 11 May,Great Giant Foods
DevOps Engineer (Jakarta and Malang),"North Jakarta, Indonesia",Posted a month ago • Apply before 29 Apr,Posted a month ago • Apply before 29 Apr,paper.id
IT Developer,"Jakarta Barat, Indonesia",Posted 3 months ago • Apply before 12 Dec,Posted 3 months ago • Apply before 12 Dec,PT Adi Data Informatika
CRM Specialist,"Jakarta Selatan, Indonesia",Posted a day ago • Apply before 11 May,Posted a day ago • Apply before 11 May,Great Giant Foods
Product Development Specialist | PinjamModal,"Tangerang, Indonesia",Posted a month ago • Apply before 15 May,Posted a month ago • Apply before 15 May,PT BFI Finance Indonesia Tbk
Web Developer,"Jakarta, Indonesia",Posted a day ago • Apply before 10 May,Posted a day ago • Apply before 10 May,Great Giant Foods
Salesforce Developer,"Jakarta Barat, Indonesia",Posted 14 days ago • Apply before 22 Apr,Posted 14 days ago • Apply before 22 Apr,Mitra Solusi Infokom
.NET Developer,"Jakarta, Indonesia",Posted 2 days ago • Apply before 7 Dec,Posted 2 days ago • Apply before 7 Dec,MITech
Network Engineer (Bahasa Mandarin),"Central Jakarta, Indonesia",Posted a month ago • Apply before 24 Dec,Posted a month ago • Apply before 24 Dec,PT Bank Central Asia Tbk
HR Compensation & Benefits,"Bandung Kota, Indonesia",Posted a day ago • Apply before 9 Aug,Posted a day ago • Apply before 9 Aug,GITS Indonesia
Field Asset Management - Lombok Barat,"West Lombok, Indonesia",Posted 9 days ago • Apply before 28 Apr,Posted 9 days ago • Apply before 28 Apr,PT BFI Finance Indonesia Tbk
Sales Support Specialist Officer,"Jakarta, Indonesia",Posted a day ago • Apply before 11 May,Posted a day ago • Apply before 11 May,Great Giant Foods
Distribution Development Manager Sumatera I,"Medan, Indonesia",Posted a day ago • Apply before 6 May,Posted a day ago • Apply before 6 May,Kraft Heinz ABC Indonesia
System Information & Technology Audit – Solution & Delivery Support,"Jakarta Pusat, Indonesia",Posted 2 days ago • Apply before 17 Apr,Posted 2 days ago • Apply before 17 Apr,PaninBank
Data Engineer (Banking Project),"Central Jakarta, Indonesia",Posted a month ago • Apply before 13 Jun,Posted a month ago • Apply before 13 Jun,PT. Jasa Teknologi Informasi IBM
Big Data Administrator,"Central Jakarta, Indonesia",Posted 2 days ago • Apply before 9 Aug,Posted 2 days ago • Apply before 9 Aug,PT. Jasa Teknologi Informasi IBM
Sales Representative,"Bandung Kota, Indonesia",Posted 2 months ago • Apply before 12 Apr,Posted 2 months ago • Apply before 12 Apr,PT Teknologi Media Medika (Assist.id)
System Information & Technology Audit – Solution & Delivery Support,"Jakarta Pusat, Indonesia",Posted 2 days ago • Apply before 17 Apr,Posted 2 days ago • Apply before 17 Apr,PaninBank
Data Engineer (Banking Project),"Central Jakarta, Indonesia",Posted a month ago • Apply before 13 Jun,Posted a month ago • Apply before 13 Jun,PT. Jasa Teknologi Informasi IBM
Big Data Administrator,"Central Jakarta, Indonesia",Posted 2 days ago • Apply before 9 Aug,Posted 2 days ago • Apply before 9 Aug,PT. Jasa Teknologi Informasi IBM
Sales Representative,"Bandung Kota, Indonesia",Posted 2 months ago • Apply before 12 Apr,Posted 2 months ago • Apply before 12 Apr,PT Teknologi Media Medika (Assist.id)
AR Support Intern,"Jakarta Selatan, Indonesia",Posted a day ago • Apply before 11 May,Posted a day ago • Apply before 11 May,Great Giant Foods
Data Scientist,"Jakarta, Indonesia",Posted 7 days ago • Apply before 30 May,Posted 7 days ago • Apply before 30 May,Investree
Product Analyst - Risk,"South Jakarta, Indonesia",Posted 2 months ago • Apply before 29 Apr,Posted 2 months ago • Apply before 29 Apr,FinAccel
Data Mining Analyst,"South Jakarta, Indonesia",Posted 3 months ago • Apply before 25 Apr,Posted 3 months ago • Apply before 25 Apr,FIFGROUP
Business Strategy Officer,"Jakarta Barat, Indonesia",Posted 5 hours ago • Apply before 30 May,Posted 5 hours ago • Apply before 30 May,Kompas Gramedia
IT Infrastructure System Management,"South Jakarta, Indonesia",Posted a month ago • Apply before 29 Apr,Posted a month ago • Apply before 29 Apr,PT Bank BTPN Tbk
Web & Mobile Apps Dev. Specialist,"Lampung Tengah, Indonesia",Posted a day ago • Apply before 10 May,Posted a day ago • Apply before 10 May,Great Giant Foods
Product Manager (EdTech),"Jakarta, Indonesia",Posted 13 days ago • Apply before 28 May,Posted 13 days ago • Apply before 28 May,PT Synergy Academy Indonesia
Junior Backend Developer,"Tangerang Kabupaten, Indonesia",Posted 6 days ago • Apply before 4 Jun,Posted 6 days ago • Apply before 4 Jun,AITINDO
Data Analyst KG Media,"West Jakarta, Indonesia",Posted 2 months ago • Apply before 21 Apr,Posted 2 months ago • Apply before 21 Apr,Kompas Gramedia
Internship PT BFI Finance Indonesia Tbk,"Tangerang, Indonesia",Posted 12 days ago • Apply before 29 Jun,Posted 12 days ago • Apply before 29 Jun,PT BFI Finance Indonesia Tbk
Senior IT Engineers (GOV/DEV/INF) / Professional Trainers,"Jakarta Pusat, Indonesia",Posted a month ago • Apply before 14 Jun,Posted a month ago • Apply before 14 Jun,PT Andalan Nusantara Teknologi
Accounting (Project Based) PT Fasen Creative Quality,"West Jakarta, Indonesia",Posted 9 days ago • Apply before 29 Apr,Posted 9 days ago • Apply before 29 Apr,Kompas Gramedia
Functional Consultant,"Jakarta, Indonesia",Posted 2 months ago • Apply before 15 Apr,Posted 2 months ago • Apply before 15 Apr,"PT Metrodata Electronics, Tbk"
B2B Sales Executive,"Kota Jakarta Barat, Indonesia",Posted 25 days ago • Apply before 16 May,Posted 25 days ago • Apply before 16 May,Dekoruma
Account Manager (Mandarin Speaker),"Jakarta Barat, Indonesia",Posted 4 months ago • Apply before 9 Oct,Posted 4 months ago • Apply before 9 Oct,Moneta Pay
Back End Developer,"Surabaya, Indonesia",Posted a month ago • Apply before 5 May,Posted a month ago • Apply before 5 May,PT Inosoft Trans Sistem
Backend Engineer,"Tangerang, Indonesia",Posted 5 hours ago • Apply before 27 May,Posted 5 hours ago • Apply before 27 May,PT Teknologi Kuliner Kekinian (Runchise)
BFI Finance X Arkavidia - Data Analyst,"Tangerang, Indonesia",Posted 2 months ago • Apply before 30 Dec,Posted 2 months ago • Apply before 30 Dec,PT BFI Finance Indonesia Tbk
Back End (PHP) Developer [CONTRACT BASED],"Kota Jakarta Selatan, Indonesia",Posted a month ago • Apply before 24 May,Posted a month ago • Apply before 24 May,Aleph Labs
IT Security Architect,"South Jakarta, Indonesia",Posted 2 months ago • Apply before 29 Apr,Posted 2 months ago • Apply before 29 Apr,Asuransi Astra
Relationship Manager,"Jakarta Selatan, Indonesia",Posted 23 days ago • Apply before 17 Mar,Posted 23 days ago • Apply before 17 Mar,Investree
Lead Digital Strategic - Digital Agency,"West Jakarta, Indonesia",Posted 3 months ago • Apply before 16 Jun,Posted 3 months ago • Apply before 16 Jun,Kompas Gramedia
Digital Marketing Lead,"Bogor Kota, Indonesia",Posted 7 days ago • Apply before 30 May,Posted 7 days ago • Apply before 30 May,PT Gema Mulia Semesta (SOUVIA)
Security Support Officer,"South Jakarta, Indonesia",Posted a month ago • Apply before 5 May,Posted a month ago • Apply before 5 May,Home Credit Indonesia
Senior Presales Engineer,"Kota Jakarta Pusat, Indonesia",Posted a month ago • Apply before 5 May,Posted a month ago • Apply before 5 May,PT Mastersystem Infotama
